timestamp,gate_set,benchmark_mode,num_qubits,total_gates,qnc_avg,qnc_std,qnc_min,qnc_max,qnc_mem_avg,qnc_mem_std,qnc_mem_min,qnc_mem_max
2026-07-27T10:32:10.485098,clifford_plus_non_clifford,execution,12,10,0.0029187423642724752,0.0004268642586673396,0.0024995990097522736,0.0035958504304289818,0.07003045082092285,0.02310583564964324,0.05021476745605469,0.10833740234375
2026-07-27T10:32:10.994955,clifford_plus_non_clifford,execution,12,16,0.003778951708227396,0.0002881918394956635,0.003369412384927273,0.004061905667185783,0.13109946250915527,0.026953452452841843,0.11256980895996094,0.1776714324951172
2026-07-27T10:32:11.526237,clifford_plus_non_clifford,execution,12,26,0.005567795829847455,0.0002349266531330963,0.005185071378946304,0.005764953792095184,0.22253894805908203,0.03875435170443144,0.18455123901367188,0.2740030288696289
2026-07-27T10:32:12.070424,clifford_plus_non_clifford,execution,12,43,0.007046840852126479,0.0010055227321747935,0.005307798273861408,0.00768787506967783,0.2812023162841797,0.01287656068050512,0.2589988708496094,0.2897205352783203
2026-07-27T10:32:12.700648,clifford_plus_non_clifford,execution,12,70,0.013191129779443145,0.004111745354479048,0.008130816742777824,0.019588873721659184,0.3074204921722412,0.014211529155596692,0.2828187942504883,0.31638431549072266
2026-07-27T10:32:13.488523,clifford_plus_non_clifford,execution,12,113,0.02247034735046327,0.00534586377234211,0.01596816536039114,0.02946639619767666,0.35982561111450195,0.00352866291934394,0.3540983200073242,0.36368560791015625
2026-07-27T10:32:14.459637,clifford_plus_non_clifford,execution,12,183,0.030151628656312823,0.004330384304598772,0.022824169136583805,0.03397870063781738,0.422853946685791,0.017643534748111492,0.3923072814941406,0.4337501525878906
2026-07-27T10:32:15.769972,clifford_plus_non_clifford,execution,12,298,0.049225188326090574,0.002128291754362097,0.04561526048928499,0.05110512487590313,0.5416321754455566,0.01803431777272099,0.5135555267333984,0.5628089904785156
2026-07-27T10:32:17.722528,clifford_plus_non_clifford,execution,12,483,0.07572271395474672,0.003747764837743812,0.07104343548417091,0.081399941816926,0.7226114273071289,0.008931477892869516,0.711639404296875,0.7317314147949219
2026-07-27T10:32:20.448363,clifford_plus_non_clifford,execution,12,785,0.11958880489692092,0.003328135487136485,0.11460883729159832,0.12366458401083946,0.9484226703643799,0.006676578785828281,0.943547248840332,0.9599285125732422
2026-07-27T10:32:24.313470,clifford_plus_non_clifford,execution,12,1274,0.1768873338587582,0.016384420175751743,0.15973182301968336,0.19691577926278114,1.3290724754333496,0.020756596130642745,1.2951469421386719,1.3481788635253906
2026-07-27T10:32:29.660707,clifford_plus_non_clifford,execution,12,2069,0.29616661136969924,0.013380207690537525,0.27765460778027773,0.3154194774106145,2.032348155975342,0.017123240456535693,2.0094852447509766,2.0512619018554688
2026-07-27T10:32:38.350272,clifford_plus_non_clifford,execution,12,3360,0.5115900947712362,0.021979875941764968,0.4753676922991872,0.5342086404561996,3.2865371704101562,0.014807063952768958,3.2726783752441406,3.3091259002685547
2026-07-27T10:32:52.208350,clifford_plus_non_clifford,execution,12,5456,0.7895813826471567,0.012625412310764977,0.7683018743991852,0.8012585649266839,5.33169412612915,0.016532012100619733,5.311729431152344,5.351041793823242
2026-07-27T10:33:14.671161,clifford_plus_non_clifford,execution,12,8859,1.290384593885392,0.02254018971181266,1.2632950376719236,1.325244514271617,8.327509880065918,0.025962297171105958,8.29118537902832,8.363893508911133
2026-07-27T10:33:50.923922,clifford_plus_non_clifford,execution,12,14384,2.294590119505301,0.15188752877773087,2.1975148115307093,2.557170401327312,13.61005973815918,0.03915652522700755,13.565168380737305,13.668157577514648
2026-07-27T10:34:50.678641,clifford_plus_non_clifford,execution,12,23357,3.6747505352832377,0.07523718911478883,3.5999522358179092,3.7728898376226425,22.463168621063232,0.04789404922675708,22.410104751586914,22.522321701049805
2026-07-27T10:36:29.653002,clifford_plus_non_clifford,execution,12,37927,5.872176249977201,0.05404924410112281,5.813969797454774,5.935690603218973,37.050047397613525,0.08466877076913812,36.931304931640625,37.17076110839844
2026-07-27T10:39:12.935327,clifford_plus_non_clifford,execution,12,61585,10.214732593623921,0.36418028975269495,9.77630872093141,10.788071452639997,57.91855335235596,0.07798174581889654,57.8208122253418,58.038612365722656
2026-07-27T10:43:41.084695,clifford_plus_non_clifford,execution,12,100000,17.09767240821384,0.49864563902401976,16.492037039250135,17.868353222496808,95.30185031890869,0.15447256323622766,95.17646789550781,95.55710220336914
