timestamp,gate_set,benchmark_mode,num_qubits,total_gates,qc_avg,qc_std,qc_min,qc_max,qc_mem_avg,qc_mem_std,qc_mem_min,qc_mem_max
2026-07-27T10:35:53.187032,clifford_plus_non_clifford,gradient,5,10,0.013549046590924263,0.004677963829966958,0.010078327730298042,0.02147889044135809,0.05038619041442871,0.0024991314661169215,0.04681682586669922,0.05368328094482422
2026-07-27T10:35:53.777447,clifford_plus_non_clifford,gradient,5,16,0.02097991155460477,0.0027362332142146424,0.017433308996260166,0.024929978884756565,0.05498075485229492,0.0010695136444267615,0.054038047790527344,0.056756019592285156
2026-07-27T10:35:54.605888,clifford_plus_non_clifford,gradient,5,26,0.043375364039093256,0.010340002861397747,0.03279722109436989,0.05987143889069557,0.06936025619506836,0.0028994981601894194,0.06650638580322266,0.0741586685180664
2026-07-27T10:35:55.970246,clifford_plus_non_clifford,gradient,5,43,0.08493412681855261,0.018983865674779696,0.059540179558098316,0.11200384050607681,0.09509038925170898,0.0009846911300808758,0.09404182434082031,0.09649276733398438
2026-07-27T10:35:58.488542,clifford_plus_non_clifford,gradient,5,70,0.1666097945999354,0.007465534880652717,0.1541797835379839,0.1730062998831272,0.1240239143371582,0.001547451926047968,0.1225748062133789,0.12657833099365234
2026-07-27T10:36:03.445974,clifford_plus_non_clifford,gradient,5,113,0.4071412542834878,0.01631045006849966,0.3900191877037287,0.43204810470342636,0.17748117446899414,0.0003593020986154727,0.1770162582397461,0.17791461944580078
2026-07-27T10:36:14.034485,clifford_plus_non_clifford,gradient,5,183,0.9461318289395422,0.03327037201177603,0.904655197635293,0.9827464018017054,0.19017577171325684,0.002528636146922098,0.1872272491455078,0.1941394805908203
2026-07-27T10:36:39.390565,clifford_plus_non_clifford,gradient,5,298,2.4230006388388574,0.03870463673538419,2.3802036456763744,2.484314943663776,0.2431163787841797,0.002728953678919123,0.24057769775390625,0.2476043701171875
2026-07-27T10:37:42.698932,clifford_plus_non_clifford,gradient,5,483,6.211769835324958,0.19797245779316716,5.972559749148786,6.522176869213581,0.26201820373535156,0.0015691466935638758,0.25968074798583984,0.2637643814086914
2026-07-27T10:40:23.561817,clifford_plus_non_clifford,gradient,5,785,15.567764388397336,0.3814655526407533,15.009443374350667,16.05804031342268,0.2965512275695801,0.002134520568015599,0.29430103302001953,0.30002498626708984
2026-07-27T10:47:21.221197,clifford_plus_non_clifford,gradient,5,1274,39.3289277323056,0.4944766682703868,38.71113610267639,40.007092993706465,0.35276079177856445,0.0008617505555873136,0.3518800735473633,0.3536233901977539
2026-07-27T11:04:54.833824,clifford_plus_non_clifford,gradient,5,2069,101.79131410666741,1.4843239243103663,100.20867292489856,103.28648401331156,0.4593210220336914,0.0030481767505194973,0.45568370819091797,0.4626474380493164
2026-07-27T11:47:45.321114,clifford_plus_non_clifford,gradient,5,3360,233.20358407311141,2.4046843335714017,231.11379632819444,237.19866420980543,0.5261192321777344,0.0005707284643037049,0.5255632400512695,0.527064323425293
2026-07-27T13:25:11.740713,clifford_plus_non_clifford,gradient,5,5456,489.81211934471503,30.073411776638356,447.5426378035918,522.2857663817704,0.7412736415863037,0.0002307028402036012,0.7409038543701172,0.741490364074707
2026-07-27T16:58:15.775389,clifford_plus_non_clifford,gradient,5,8859,1119.0380062421318,1.9648715557416985,1117.140081403777,1122.1772743770853,1.1574575901031494,0.0007783639999524157,1.1567144393920898,1.1587610244750977
2026-07-28T01:25:07.861481,clifford_plus_non_clifford,gradient,5,14384,2922.4217353202403,9.25350128438366,2910.8190558785573,2934.3089483752847,1.5214273929595947,0.0006001439871882088,1.5207414627075195,1.522186279296875
2026-07-28T23:40:34.189294,clifford_plus_non_clifford,gradient,5,23357,7640.128365456825,10.545330222193455,7631.126699903049,7657.76716722548,2.4250597953796387,0.00025918237989227573,2.4247512817382812,2.4254026412963867
