timestamp,backend,gate_set,benchmark_mode,num_qubits,total_gates,qnc_avg,qnc_std,qnc_min,qnc_max,qnc_mem_avg,qnc_mem_std,qnc_mem_min,qnc_mem_max
2026-07-27T10:37:30.740791,pennylane,clifford_plus_non_clifford,execution,10,10,0.002995792543515563,0.0006395282860950417,0.002128036692738533,0.003865760751068592,0.06550145149230957,0.005960671206703966,0.058907508850097656,0.07495880126953125
2026-07-27T10:37:31.429289,pennylane,clifford_plus_non_clifford,execution,10,16,0.0037017413415014744,0.000779784445798211,0.0028449799865484238,0.004892614670097828,0.09733939170837402,0.007445908534984206,0.08735275268554688,0.10801410675048828
2026-07-27T10:37:32.200789,pennylane,clifford_plus_non_clifford,execution,10,26,0.004825439071282744,0.0007080502218675644,0.0038000764325261116,0.0056985365226864815,0.11913681030273438,0.0018977366485249255,0.11671066284179688,0.12200355529785156
2026-07-27T10:37:33.005845,pennylane,clifford_plus_non_clifford,execution,10,43,0.006824275478720665,0.0003110602730167404,0.006398399360477924,0.007275574840605259,0.13749313354492188,0.0028940077204230724,0.13341426849365234,0.14034461975097656
2026-07-27T10:37:34.014110,pennylane,clifford_plus_non_clifford,execution,10,70,0.010847689351066947,0.000215031652537389,0.010700123384594917,0.011216745711863041,0.1689610481262207,0.004003183806739634,0.1620941162109375,0.17214488983154297
2026-07-27T10:37:35.163637,pennylane,clifford_plus_non_clifford,execution,10,113,0.014265966601669788,0.0027948242129762946,0.010118610225617886,0.016827880404889584,0.2162647247314453,0.007865261386568257,0.2055644989013672,0.22508525848388672
2026-07-27T10:37:36.661973,pennylane,clifford_plus_non_clifford,execution,10,183,0.026113785803318024,0.0003567634412313894,0.02555087022483349,0.026461399160325527,0.2960679531097412,0.00763276330885372,0.282867431640625,0.30108070373535156
2026-07-27T10:37:38.548939,pennylane,clifford_plus_non_clifford,execution,10,298,0.039347422076389194,0.0030008251677527344,0.03448533173650503,0.04249734152108431,0.4221913814544678,0.009839132458217874,0.41208553314208984,0.43742942810058594
2026-07-27T10:37:41.040276,pennylane,clifford_plus_non_clifford,execution,10,483,0.055155927082523704,0.010538633107042986,0.04070945270359516,0.06633994542062283,0.6088528633117676,0.00893206511593671,0.5979347229003906,0.6177959442138672
2026-07-27T10:37:44.646648,pennylane,clifford_plus_non_clifford,execution,10,785,0.09492864506319165,0.012044551870117657,0.07438919320702553,0.10482522659003735,0.8677031993865967,0.01146513187687524,0.8558540344238281,0.8831291198730469
2026-07-27T10:37:50.093943,pennylane,clifford_plus_non_clifford,execution,10,1274,0.1405606211628765,0.019099352193095474,0.11407035775482655,0.1631973534822464,1.378406047821045,0.01342832989178154,1.3580207824707031,1.3924808502197266
2026-07-27T10:37:58.449258,pennylane,clifford_plus_non_clifford,execution,10,2069,0.2591137296985835,0.01691053643865224,0.24267160799354315,0.28737992979586124,2.160754680633545,0.01743743671892757,2.1376399993896484,2.180530548095703
2026-07-27T10:38:11.785628,pennylane,clifford_plus_non_clifford,execution,10,3360,0.421285480260849,0.01041255645726659,0.40816017892211676,0.43535385001450777,3.4162368774414062,0.0148761848481759,3.4021987915039062,3.4388904571533203
2026-07-27T10:38:33.639674,pennylane,clifford_plus_non_clifford,execution,10,5456,0.6748850781004876,0.020224758660739972,0.652472778223455,0.7073839511722326,5.463833332061768,0.016630415131797017,5.444057464599609,5.483270645141602
2026-07-27T10:39:09.597386,pennylane,clifford_plus_non_clifford,execution,10,8859,1.0620186850428581,0.032004891113449875,1.0156823499128222,1.0989791629835963,8.463695526123047,0.02607773066974613,8.427030563354492,8.500051498413086
2026-07-27T10:40:05.614222,pennylane,clifford_plus_non_clifford,execution,10,14384,1.8697306704707444,0.025360119997619415,1.8297249851748347,1.9001401998102665,13.630823135375977,0.03903542034933226,13.585771560668945,13.688608169555664
2026-07-27T10:41:38.700851,pennylane,clifford_plus_non_clifford,execution,10,23357,2.9508891399018466,0.07402729054741615,2.8766972329467535,3.0561057617887855,22.494237422943115,0.04797817844424545,22.44086265563965,22.55338478088379
2026-07-27T10:44:07.968460,pennylane,clifford_plus_non_clifford,execution,10,37927,5.081084060482681,0.25128890884531974,4.8090672278776765,5.49191758967936,37.098448276519775,0.0847108203685687,36.9792594909668,37.21884536743164
2026-07-27T10:48:10.455962,pennylane,clifford_plus_non_clifford,execution,10,61585,8.240894712507725,0.10251021442300083,8.063612517900765,8.306897929869592,57.99451732635498,0.07822632074548609,57.895904541015625,58.11457443237305
2026-07-27T10:54:39.682866,pennylane,clifford_plus_non_clifford,execution,10,100000,13.53813525266014,0.37695968659653345,13.269592449069023,14.188035562634468,95.42248725891113,0.1538288049425219,95.29872512817383,95.67724990844727
